Workbook

Sheet Инструкция
A1: ЛПР-1 | ПОЛЕВЫЕ ИСПЫТАНИЯ
A3: Для кого | B3: Инженер/испытатель, выполняющий измерения на реальном роботе ЛПР-1.
A4: Как заполнять | B4: Заполните лист «Паспорт». На остальных листах заполняйте только ЖЁЛТЫЕ ячейки. Прочерки не вводите: если замера не было, оставьте ячейку пустой.
A5: Повторы | B5: Рекомендуется: ходовая — 5–10 заездов; посадка — 10–15; дозатор — 30; GPS — 10 точек; питание — по нескольку замеров в режимах; комплексный цикл — 10–15 операций.
A6: Реальные показатели | B6: Не подставляйте ожидаемые или расчётные числа вместо фактических замеров. Указывайте единицы измерения, исходные условия и возникающие неисправности.
A7: Безопасность | B7: Проверки движения — только при доступном аппаратном аварийном обесточивании, со свободной зоной и под контролем оператора. Потерю связи тестировать с вывешенными гусеницами; клин руками НЕ моделировать.
A8: Статусы | B8: Для дозатора и комплексного цикла: «Да» — операция успешна, «Нет» — ошибка. В остальных листах статус/заметки указывайте по факту.
A9: Итоги | B9: Лист «Итоги» считает средние значения и доли успеха автоматически. Пустые измерения не считаются нулевыми результатами.
A10: Для отчёта | B10: Сохраните оригинал Excel, фото измерения глубины штангенциркулем/линейкой, видео полного цикла, показания приборов и журналы GPS. Запишите дату, версию исходного кода (SHA) и ответственного.

Sheet Паспорт
A1: ПАСПОРТ ИСПЫТАНИЙ
A3: Модель | B3: ЛПР-1
A4: Дата испытаний
A5: Место / площадка | B5: лесной массив
A6: Ответственный за испытания | B6: Харитонов И.М
A7: Дополнительный наблюдатель | B7: отсутствовал
A8: Версия ПО / Git SHA
A9: Напряжение / тип аккумулятора | B9: 42V li-ion
A10: Масса робота, кг | B10: 14
A11: Температура воздуха, °C | B11: 0-+1
A12: Тип грунта / плотность | B12: Чернозем
A13: Влажность/состояние грунта
A14: Размер/тип семян | B14: Семена ели
A15: Заправлено семян, шт. | B15: 1000
A16: Заданная глубина посадки, мм | B16: 15
A17: Расстояние между посадками, м | B17: 10 м
A18: Режим управления (ручной/полуавтомат) | B18: ручной
A19: Оборудование для измерений | B19: рулетка
A20: Ссылки на фото/видео
A21: Примечания

Sheet Ходовая
A1: 01 | ГУСЕНИЧНАЯ ПЛАТФОРМА
A2: Каждый заезд: измерить участок и время; боковое отклонение — относительно прямой. Испытания выполняются на безопасной площадке.
A4: № | B4: Покрытие | C4: Дистанция, м | D4: Время, с | E4: Скорость, м/с (авто) | F4: Боковое откл., см | G4: Манёвр | H4: Результат | I4: Замечания
A5: 1 | B5: Асфальт | C5: 1 км | D5: 1800 | E5: 1-5 км/ч | F5: 5 см | G5: Танковые разворот, повороты находу | H5: Удволетворил | I5: на асфальте сильнее стирается ТПУ покрытия траков
A6: 2 | B6: Лесная почва | C6: 1 км | D6: 2400 | E6: 1-5 км/ч | F6: 6 см | G6: Танковые разворот, повороты находу | H6: Удволетворил | I6: Была ручная регулировка скорости для преодолевания препятствий
A7: 3 | B7: Смешанный грунт | C7: 1 км | D7: 2700 | E7: 1-5 км/ч | F7: 7 см | G7: Танковые разворот, повороты находу | H7: Удволетворил | I7: Была ручная регулировка скорости для преодолевания препятствий
A8: 4 | B8: Лесная почва( со снегом) | C8: 1 км | D8: 2100 | E8: 1-5 км/ч | F8: 8 см | G8: Танковые разворот, повороты находу | H8: Удволетворил | I8: Была ручная регулировка скорости для преодолевания препятствий, на снегу не проскальзывал
A9: 5 | E9: =IF(OR(C9="",D9="",D9=0),"",C9/D9)
A10: 6 | E10: =IF(OR(C10="",D10="",D10=0),"",C10/D10)
A11: 7 | E11: =IF(OR(C11="",D11="",D11=0),"",C11/D11)
A12: 8 | E12: =IF(OR(C12="",D12="",D12=0),"",C12/D12)
A13: 9 | E13: =IF(OR(C13="",D13="",D13=0),"",C13/D13)
A14: 10 | E14: =IF(OR(C14="",D14="",D14=0),"",C14/D14)

Sheet Посадка
A1: 02 | ГЛУБИНА И ХОД «КЛЮВА»
A2: Замерить ФАКТИЧЕСКУЮ глубину лунки после цикла; для каждого опыта указать грунт, время и результат. Заданная глубина берётся из паспорта.
A4: № | B4: Грунт/условия | C4: Задано, мм (авто) | D4: Факт, мм | E4: Отклонение, мм (авто) | F4: Спуск, с | G4: Подъём, с | H4: Полный цикл, с | I4: Возврат наверх? | J4: Замечания
A5: 1 | B5: Горшок с землей | C5: =IF(Паспорт!B16="","",Паспорт!B16) -> 15 | D5: 15 | E5: =IF(OR(C5="",D5=""),"",ABS(C5-D5)) -> 0 | F5: 3 | G5: 4 | H5: 7 | I5: да
A6: 2 | B6: Лесной грунт | C6: 15 | D6: 15 | E6: =IF(OR(C6="",D6=""),"",ABS(C6-D6)) -> 0 | F6: 3 | G6: 5 | H6: 46273 | I6: да | J6: В реальных условиях посадки необходим локальный подбор места посадки, отслеживается задней камерой
A7: 3 | E7: =IF(OR(C7="",D7=""),"",ABS(C7-D7))
A8: 4 | E8: =IF(OR(C8="",D8=""),"",ABS(C8-D8))
A9: 5 | C9: =IF(Паспорт!B20="","",Паспорт!B20) | E9: =IF(OR(C9="",D9=""),"",ABS(C9-D9))
A10: 6 | C10: =IF(Паспорт!B21="","",Паспорт!B21) | E10: =IF(OR(C10="",D10=""),"",ABS(C10-D10))
A11: 7 | C11: =IF(Паспорт!B22="","",Паспорт!B22) | E11: =IF(OR(C11="",D11=""),"",ABS(C11-D11))
A12: 8 | C12: =IF(Паспорт!B23="","",Паспорт!B23) | E12: =IF(OR(C12="",D12=""),"",ABS(C12-D12))
A13: 9 | C13: =IF(Паспорт!B24="","",Паспорт!B24) | E13: =IF(OR(C13="",D13=""),"",ABS(C13-D13))
A14: 10 | C14: =IF(Паспорт!B25="","",Паспорт!B25) | E14: =IF(OR(C14="",D14=""),"",ABS(C14-D14))
A15: 11 | C15: =IF(Паспорт!B26="","",Паспорт!B26) | E15: =IF(OR(C15="",D15=""),"",ABS(C15-D15))
A16: 12 | C16: =IF(Паспорт!B27="","",Паспорт!B27) | E16: =IF(OR(C16="",D16=""),"",ABS(C16-D16))
A17: 13 | C17: =IF(Паспорт!B28="","",Паспорт!B28) | E17: =IF(OR(C17="",D17=""),"",ABS(C17-D17))
A18: 14 | C18: =IF(Паспорт!B29="","",Паспорт!B29) | E18: =IF(OR(C18="",D18=""),"",ABS(C18-D18))
A19: 15 | C19: =IF(Паспорт!B30="","",Паспорт!B30) | E19: =IF(OR(C19="",D19=""),"",ABS(C19-D19))

Sheet Дозатор
A1: 03 | ПОДАЧА СЕМЯН
A2: 30 циклов дозатора. Целевая норма по умолчанию 1 семя на цикл — если по заданию другая, заполнить колонку «Норма». Считайте фактические семена.
A4: № | B4: Тип семян | C4: Норма, шт. | D4: Фактически, шт. | E4: Подача успешна? (авто) | F4: Пропуск? (авто) | G4: Лишние семена? (авто) | H4: Время, с | I4: Замечания
A5: 1 | B5: Семена ели | C5: 3 | D5: 3 | E5: =IF(OR(C5="",D5=""),"",IF(C5=D5,"Да","Нет")) -> Да | F5: =IF(D5="","",IF(D5=0,"Да","Нет")) -> Нет | G5: =IF(OR(C5="",D5=""),"",IF(D5>C5,"Да","Нет")) -> Нет | H5: 46115 | I5: Семена садим по несколько штук
A6: 2 | E6: =IF(OR(C6="",D6=""),"",IF(C6=D6,"Да","Нет")) | F6: =IF(D6="","",IF(D6=0,"Да","Нет")) | G6: =IF(OR(C6="",D6=""),"",IF(D6>C6,"Да","Нет"))
A7: 3 | E7: =IF(OR(C7="",D7=""),"",IF(C7=D7,"Да","Нет")) | F7: =IF(D7="","",IF(D7=0,"Да","Нет")) | G7: =IF(OR(C7="",D7=""),"",IF(D7>C7,"Да","Нет"))
A8: 4 | E8: =IF(OR(C8="",D8=""),"",IF(C8=D8,"Да","Нет")) | F8: =IF(D8="","",IF(D8=0,"Да","Нет")) | G8: =IF(OR(C8="",D8=""),"",IF(D8>C8,"Да","Нет"))
A9: 5 | E9: =IF(OR(C9="",D9=""),"",IF(C9=D9,"Да","Нет")) | F9: =IF(D9="","",IF(D9=0,"Да","Нет")) | G9: =IF(OR(C9="",D9=""),"",IF(D9>C9,"Да","Нет"))
A10: 6 | E10: =IF(OR(C10="",D10=""),"",IF(C10=D10,"Да","Нет")) | F10: =IF(D10="","",IF(D10=0,"Да","Нет")) | G10: =IF(OR(C10="",D10=""),"",IF(D10>C10,"Да","Нет"))
A11: 7 | E11: =IF(OR(C11="",D11=""),"",IF(C11=D11,"Да","Нет")) | F11: =IF(D11="","",IF(D11=0,"Да","Нет")) | G11: =IF(OR(C11="",D11=""),"",IF(D11>C11,"Да","Нет"))
A12: 8 | E12: =IF(OR(C12="",D12=""),"",IF(C12=D12,"Да","Нет")) | F12: =IF(D12="","",IF(D12=0,"Да","Нет")) | G12: =IF(OR(C12="",D12=""),"",IF(D12>C12,"Да","Нет"))
A13: 9 | E13: =IF(OR(C13="",D13=""),"",IF(C13=D13,"Да","Нет")) | F13: =IF(D13="","",IF(D13=0,"Да","Нет")) | G13: =IF(OR(C13="",D13=""),"",IF(D13>C13,"Да","Нет"))
A14: 10 | E14: =IF(OR(C14="",D14=""),"",IF(C14=D14,"Да","Нет")) | F14: =IF(D14="","",IF(D14=0,"Да","Нет")) | G14: =IF(OR(C14="",D14=""),"",IF(D14>C14,"Да","Нет"))
A15: 11 | E15: =IF(OR(C15="",D15=""),"",IF(C15=D15,"Да","Нет")) | F15: =IF(D15="","",IF(D15=0,"Да","Нет")) | G15: =IF(OR(C15="",D15=""),"",IF(D15>C15,"Да","Нет"))
A16: 12 | C16: 1 | E16: =IF(OR(C16="",D16=""),"",IF(C16=D16,"Да","Нет")) | F16: =IF(D16="","",IF(D16=0,"Да","Нет")) | G16: =IF(OR(C16="",D16=""),"",IF(D16>C16,"Да","Нет"))
A17: 13 | C17: 1 | E17: =IF(OR(C17="",D17=""),"",IF(C17=D17,"Да","Нет")) | F17: =IF(D17="","",IF(D17=0,"Да","Нет")) | G17: =IF(OR(C17="",D17=""),"",IF(D17>C17,"Да","Нет"))
A18: 14 | C18: 1 | E18: =IF(OR(C18="",D18=""),"",IF(C18=D18,"Да","Нет")) | F18: =IF(D18="","",IF(D18=0,"Да","Нет")) | G18: =IF(OR(C18="",D18=""),"",IF(D18>C18,"Да","Нет"))
A19: 15 | C19: 1 | E19: =IF(OR(C19="",D19=""),"",IF(C19=D19,"Да","Нет")) | F19: =IF(D19="","",IF(D19=0,"Да","Нет")) | G19: =IF(OR(C19="",D19=""),"",IF(D19>C19,"Да","Нет"))
A20: 16 | C20: 1 | E20: =IF(OR(C20="",D20=""),"",IF(C20=D20,"Да","Нет")) | F20: =IF(D20="","",IF(D20=0,"Да","Нет")) | G20: =IF(OR(C20="",D20=""),"",IF(D20>C20,"Да","Нет"))
A21: 17 | C21: 1 | E21: =IF(OR(C21="",D21=""),"",IF(C21=D21,"Да","Нет")) | F21: =IF(D21="","",IF(D21=0,"Да","Нет")) | G21: =IF(OR(C21="",D21=""),"",IF(D21>C21,"Да","Нет"))
A22: 18 | C22: 1 | E22: =IF(OR(C22="",D22=""),"",IF(C22=D22,"Да","Нет")) | F22: =IF(D22="","",IF(D22=0,"Да","Нет")) | G22: =IF(OR(C22="",D22=""),"",IF(D22>C22,"Да","Нет"))
A23: 19 | C23: 1 | E23: =IF(OR(C23="",D23=""),"",IF(C23=D23,"Да","Нет")) | F23: =IF(D23="","",IF(D23=0,"Да","Нет")) | G23: =IF(OR(C23="",D23=""),"",IF(D23>C23,"Да","Нет"))
A24: 20 | C24: 1 | E24: =IF(OR(C24="",D24=""),"",IF(C24=D24,"Да","Нет")) | F24: =IF(D24="","",IF(D24=0,"Да","Нет")) | G24: =IF(OR(C24="",D24=""),"",IF(D24>C24,"Да","Нет"))
A25: 21 | C25: 1 | E25: =IF(OR(C25="",D25=""),"",IF(C25=D25,"Да","Нет")) | F25: =IF(D25="","",IF(D25=0,"Да","Нет")) | G25: =IF(OR(C25="",D25=""),"",IF(D25>C25,"Да","Нет"))
A26: 22 | C26: 1 | E26: =IF(OR(C26="",D26=""),"",IF(C26=D26,"Да","Нет")) | F26: =IF(D26="","",IF(D26=0,"Да","Нет")) | G26: =IF(OR(C26="",D26=""),"",IF(D26>C26,"Да","Нет"))
A27: 23 | C27: 1 | E27: =IF(OR(C27="",D27=""),"",IF(C27=D27,"Да","Нет")) | F27: =IF(D27="","",IF(D27=0,"Да","Нет")) | G27: =IF(OR(C27="",D27=""),"",IF(D27>C27,"Да","Нет"))
... A34: 30 | C34: 1 | E34: =IF(OR(C34="",D34=""),"",IF(C34=D34,"Да","Нет")) | F34: =IF(D34="","",IF(D34=0,"Да","Нет")) | G34: =IF(OR(C34="",D34=""),"",IF(D34>C34,"Да","Нет"))

Sheet Безопасность
A1: 04 | ПРОВЕРКА ЗАЩИТ И БЛОКИРОВОК
A2: Только на подготовленном стенде и с аварийным отключением. Гусеницы вывесить; заклинивание НЕ имитировать руками. Если тест опасен — отметить «Не проводилось».
A4: № | B4: Проверка | C4: Ожидаемая реакция | D4: Наблюдаемая реакция | E4: Остановка, с | F4: Статус | G4: Примечания
A5: 1 | B5: Отключение ARM | C5: Немедленное прекращение движения | D5: остановка робота | E5: 1 | F5: штатно
A6: 2 | B6: Потеря сигнала FlySky | C6: Остановка приводов (проверка фактического времени) | D6: остановка приводов | E6: 1 | F6: штатно
A7: 3 | B7: Восстановление радиосигнала | C7: Нет самопроизвольного старта без нейтрали | D7: да | E7: 1 | F7: штатно
A8: 4 | B8: Посадка при неподвижном шасси | C8: Гусеницы заблокированы | D8: да
A9: 5 | B9: Попытка манипулятора при посадке | C9: Одновременная работа не допускается | D9: нет
A10: 6 | B10: Прекращение UART-команд | C10: Остановка по таймауту прошивки | D10: нет
A11: 7 | B11: Отказ датчиков INA219 | C11: Фиксация отказа и переход в предусмотренный режим | D11: нет
A12: 8 | B12: Реакция на препятствие для «клюва» | C12: Контроль перегрузки, остановка/ошибка без повреждения | D12: нет

Sheet GPS
A1: 05 | GPS И ЗАПИСЬ ТОЧЕК
A2: Сравнить точку из posadka.csv с контрольной точкой; если эталонных координат нет, указать факт записи, HDOP и спутники, а погрешность оставить пустой.
A4: № | B4: Контрольная точка | C4: Запись в CSV? | D4: Спутники, шт. | E4: HDOP | F4: Ошибка координат, м | G4: Время фиксации, с | H4: Примечания
A5: 1 | B5: да | C5: да | D5: 25 | E5: да | F5: прммерно 3 м | G5: моментально во время работы модуля | H5: Записывается полный трек пути+ отдельно записываются точки посадки, все сохраняется на верный ящик(флешку) и в память Rasberry PI
A6: 2
A7: 3
A8: 4
A9: 5
A10: 6
A11: 7
A12: 8
A13: 9
A14: 10

Sheet Питание
A1: 06 | ПИТАНИЕ И АВТОНОМНОСТЬ
A2: Измерить напряжение и ток источника питания (не перепутать с INA219 сервоприводов). Мощность рассчитывается по U×I. Для автономности укажите фактическое время.
A4: № | B4: Режим | C4: Напряжение, В | D4: Ток, А | E4: Мощность, Вт (авто) | F4: Длительность режима, мин | G4: Просадка напряж., В | H4: Замечания
A5: 1 | B5: постоянная рабоат | C5: 42V | D5: 20A | E5: =IF(OR(C5="",D5=""),"",C5*D5) -> #VALUE! | F5: 40 | G5: возможна до 41V
A6: 2 | E6: =IF(OR(C6="",D6=""),"",C6*D6)
A7: 3 | E7: =IF(OR(C7="",D7=""),"",C7*D7)
A8: 4 | E8: =IF(OR(C8="",D8=""),"",C8*D8)
A9: 5 | E9: =IF(OR(C9="",D9=""),"",C9*D9)
A10: 6 | E10: =IF(OR(C10="",D10=""),"",C10*D10)
A11: 7 | E11: =IF(OR(C11="",D11=""),"",C11*D11)
A12: 8 | E12: =IF(OR(C12="",D12=""),"",C12*D12)
A13: 9 | E13: =IF(OR(C13="",D13=""),"",C13*D13)
A14: 10 | E14: =IF(OR(C14="",D14=""),"",C14*D14)
A15: 11 | E15: =IF(OR(C15="",D15=""),"",C15*D15)
A16: 12 | E16: =IF(OR(C16="",D16=""),"",C16*D16)

Sheet Полный цикл
A1: 07 | КОМПЛЕКСНОЕ ИСПЫТАНИЕ
A2: Замер одной посадки с переездом: движение → остановка → лунка → семя → подъём. Успех — все обязательные операции выполнены.
A4: № | B4: Путь между точками, м | C4: Переезд, с | D4: Посадка, с | E4: Доп. задержки, с | F4: Всего, с (авто) | G4: Успешно? | H4: Вмешательство оператора? | I4: Причина отказа / замечания
A5: 1 | B5: 5 | C5: 30 | D5: 8 | E5: нету | F5: =IF(COUNT(C5:E5)=0,"",SUM(C5:E5)) -> 38 | G5: да | H5: да | I5: Отказа не было, ручное управление робота
A6: 2 | F6: =IF(COUNT(C6:E6)=0,"",SUM(C6:E6))
A7: 3 | F7: =IF(COUNT(C7:E7)=0,"",SUM(C7:E7))
A8: 4 | F8: =IF(COUNT(C8:E8)=0,"",SUM(C8:E8))
A9: 5 | F9: =IF(COUNT(C9:E9)=0,"",SUM(C9:E9))
A10: 6 | F10: =IF(COUNT(C10:E10)=0,"",SUM(C10:E10))
A11: 7 | F11: =IF(COUNT(C11:E11)=0,"",SUM(C11:E11))
A12: 8 | F12: =IF(COUNT(C12:E12)=0,"",SUM(C12:E12))
A13: 9 | F13: =IF(COUNT(C13:E13)=0,"",SUM(C13:E13))
A14: 10 | F14: =IF(COUNT(C14:E14)=0,"",SUM(C14:E14))
A15: 11 | F15: =IF(COUNT(C15:E15)=0,"",SUM(C15:E15))
A16: 12 | F16: =IF(COUNT(C16:E16)=0,"",SUM(C16:E16))
A17: 13 | F17: =IF(COUNT(C17:E17)=0,"",SUM(C17:E17))
... A19: 15 | F19: =IF(COUNT(C19:E19)=0,"",SUM(C19:E19))

Sheet Итоги
A1: СВОДКА ФИЗИЧЕСКИХ ИСПЫТАНИЙ ЛПР-1
A2: Показатели появляются после ввода реальных замеров. Пустые серии остаются пустыми. Эта сводка не заменяет заключение испытателя.
A4: Раздел | B4: Показатель | C4: Значение (авто)
A5: Ходовая | B5: Средняя скорость, м/с | C5: 0,2-3
A6: Ходовая | B6: Макс. боковое отклонение, см | C6: 5
A7: Посадка | B7: Средняя фактическая глубина, мм | C7: =IF(COUNT(Посадка!D5:D19)=0,"",AVERAGE(Посадка!D5:D19)) -> 15
A8: Посадка | B8: Среднее абсолютное отклонение, мм | C8: =IF(COUNT(Посадка!E5:E19)=0,"",AVERAGE(Посадка!E5:E19)) -> 0
A9: Посадка | B9: Среднее время посадки, с | C9: =IF(COUNT(Посадка!H5:H19)=0,"",AVERAGE(Посадка!H5:H19)) -> 23140
A10: Дозатор | B10: Испытано подач, шт. | C10: =COUNT(Дозатор!D5:D34) -> 1
A11: Дозатор | B11: Успешных подач, % | C11: =IF(COUNT(Дозатор!D5:D34)=0,"",COUNTIF(Дозатор!E5:E34,"Да")/COUNT(Дозатор!D5:D34)*100) -> 100
A12: Безопасность | B12: Пройденных проверок, шт. | C12: =COUNTIF(Безопасность!F5:F12,"Пройдено") -> 0
A13: Безопасность | B13: Непройденных проверок, шт. | C13: =COUNTIF(Безопасность!F5:F12,"Не пройдено") -> 0
A14: GPS | B14: Точек в CSV, шт. | C14: =COUNTIF(GPS!C5:C14,"Да") -> 1
A15: GPS | B15: Средняя ошибка координат, м | C15: 3
A16: Питание | B16: Средняя мощность измерений, Вт | C16: =IF(COUNT(Питание!E5:E16)=0,"",AVERAGE(Питание!E5:E16))
A17: Полный цикл | B17: Среднее время с переездом, с | C17: =IF(COUNT('Полный цикл'!F5:F19)=0,"",AVERAGE('Полный цикл'!F5:F19)) -> 38
A18: Полный цикл | B18: Успешных полных циклов, % | C18: =IF(COUNTIF('Полный цикл'!G5:G19,"Да")+COUNTIF('Полный цикл'!G5:G19,"Нет")=0,"",COUNTIF('Полный цикл'!G5:G19,"Да")/(COUNTIF('Полный цикл'!G5:G19,"Да")+COUNTIF('Полный цикл'!G5:G19,"Нет"))*100) -> 100
A21: ПРИМЕЧАНИЕ
A22: Наличие заполненных значений само по себе не означает успешное прохождение испытаний: проверяйте ошибки и замечания на отдельных листах.
